,name,loss_tot,loss_cce,loss_entropy,loss_rog,contig_rmsd,contig_sc_rmsd,rog,len,seq,net_charge,ss,topology,ss_strand_frac,ss_helix_frac,ss_loop_frac
0,pd1_r1_10_r2_0,1.7190003213445135,2.319758305859116,2.805381948984056,0.03186070919036865,0.8487546548788663,,13.533530336979672,94,DWQACVMMAATAGCDWKCTYENTDDRYGPVHVVHHTEHASGQTDTLAASTWSPGDRTVRLWGDGPEYVWCGIHSLMRGIQIKESPRMNTADAWT,-5,LHHHHHHHHHHHLLLLLLLLLLLLHHHLLEEEEEEEELLLLLEEEEEEEEELLLLLLLLLLLLLLLLEEEEEEELLLLLEEEELLLELLLLLLL,HHEEEEE,0.30851063829787234,0.14893617021276595,0.5425531914893617
1,pd1_r1_10_r2_1,1.6991618638714776,2.2926169291695473,2.73380669364148,0.07106196880340576,0.7701195551002945,,13.742791325800685,94,DMNVFIDDFWTAGSTYLCMAYVPANAAFPYHVVSHREHTSGQTDTLAAQTFDVGDPFVTAWGTINATWYCGIHSLQHGIQIKESNRINGKLPWP,-4,LLLLELLLLLLLLLEEEEEEELLLLLLLLEEEEEEEELLLLLEEEEEEEEELLLLLEEEEEEELLLEEEEEEEELLLLLEEEELLLELLLLLLL,EEEEEEEE,0.4787234042553192,0.0,0.5212765957446809
2,pd1_r1_10_r2_2,1.6965240980650567,2.3471418997506213,2.6933064515925285,0.049123942852020264,0.951054271565726,,13.612458299751728,94,DCNECMQMAAMTGMEIKCNMVLPTKIRGPFHVVVHHESTSGQTDTLAASTVTPGDQTIPYWATIDSHYYCGIHSLAQGIQIKESSRFGPADEWS,-5,LHHHHHHHHHHHLLLEEEEEELLLLLLLLEEEEEEEELLLLLEEEEEEEEELLLLLEEEEEELLLEEEEEEEEELLLLLEEEELLLLELLLLLL,HEEEEEEE,0.4574468085106383,0.11702127659574468,0.425531914893617
3,pd1_r1_10_r2_3,1.7045987069634017,2.2638976998594584,2.8088554374987944,0.041042983531951904,0.8603665023816737,,13.26348568999089,94,QAQRFVNAAMTYQPGLIHIITVKRWDVMPVHVVVHNEKDSGQTDTLAASRVSPGSRTVGAWGTRNNNVQCGIASLKHGIQIKESPRAPPHAGWE,4,LHHHHHHHHHHLLLLLLEEEELLLLLLLLEEEEEEEELLLLLEEEEEEEEELLLLLEEEELLLLLLEEEEEEEELLLLLEEEELLLELLLLLLL,HEEEEEEE,0.40425531914893614,0.10638297872340426,0.48936170212765956
4,pd1_r1_10_r2_4,1.6928939058650452,2.3929493557998525,2.6432953448313246,0.04243701696395874,1.1294698444930718,,13.570748211372585,94,DNQNCIQEAAMMQREINCTATFRDGMGDPVHVVVHFERASGQTDTLAAGMVNPGQRTITGIGTMNKDVWCGIHSLGHGIQIKESNRINPWDLYT,-3,LHHHHHHHHHHHLLEEEEEEELLLLLLLLEEEEEEEELLLLLEEEEEEEEELLLLLEEEEEEELLLLEEEEEEELLLLLEEEELLLLLHHHLLL,HEEEEEEH,0.44680851063829785,0.14893617021276595,0.40425531914893614
5,pd1_r1_10_r2_5,1.7119634534107657,2.3769303861980164,2.7269061457948403,0.03205382823944092,0.804016320300384,,13.093345288975078,94,DQQRQISNAIMEGHAPAPDQTYLITSSGMDHVVFHFEFGSGQTDTLAASTMSNGDHTVPAWGPKNERWHCGIMSLGMGIQIKESNRINSVRPWR,-2,LHHHHHHHHHHLLLLELLLLEEEEELLLLLEEEEEEELLLLLEEEEEEEELELLEEEEELLLLLLLEEEEEEEEELLLEEEEELLLELLLELLL,HEEEEEEEEEE,0.4574468085106383,0.10638297872340426,0.43617021276595747
6,pd1_r1_10_r2_6,1.671548651433974,2.280474338147494,2.6887506118590787,0.04542100429534912,0.8107028358270982,,13.445340301440913,94,DFLRWVEEALHNGAEGVCAITMRVHDDGPWHVVVHIEKGSGQTDTLAATMASPGDREVTAYGAPDESVYCGIHSLDTGIQIKEMPRIFGVDGWR,-8,LHHHHHHHHHHLLLLLLEEEEEELLLLLLEEEEEEEELLLLLEEEEEEEEELLLLLEEEEEELLLLEEEEEEEELLLLLEEEELLLELLLLLLL,HEEEEEEE,0.44680851063829785,0.10638297872340426,0.44680851063829785
7,pd1_r1_10_r2_7,1.689914710442124,2.3090120593127925,2.713664072173797,0.047067999839782715,0.8634571283588743,,13.102960402698624,94,DCQRCVAEAVEARGARACTWRTTGTIHSAVHVVVHKEENSGQTDTLAAYQVEPGMQRATAWFTGDETFWCGIMSLGHGIQIKESDRYNGWYPWD,-4,LHHHHHHHHHHHHLLLEEEEELLLLLLLLEEEEEEEELLLLLEEEEEEEEELLLLLEEEEELLLLLLEEEEEEELLLLLEEEELLLELLEELLL,HEEEEEEEE,0.43617021276595747,0.1276595744680851,0.43617021276595747
8,pd1_r1_10_r2_8,1.7201157706214638,2.3684840405407908,2.7330900517381824,0.0587732195854187,1.0125328566753793,,13.828952785122633,94,DCQRKVQEAKTAGEIIDCMWMVTGDITGYYHVVMHFEHGSGQTDTLAAATVSPGDQTHSAWGTGNATVWCGIHSLNEGIQIKESNRINVVDFWM,-6,LHHHHHHHHHHLLLLLLLLEEELLLLLLLEEEEEEEELLLLLEEEEEEEEELLLLLLEEELLLLLLEEEEEEEELLLLLEEEELLLELLLLLLL,HEEEEEEE,0.3829787234042553,0.10638297872340426,0.5106382978723404
9,pd1_r1_10_r2_9,1.7118252550360904,2.366927247715385,2.716713397668612,0.05183511972427368,1.3267439724506074,,13.449825357766834,94,DPLRILQVAKNAGANYKCTQTISGHIGDQIHVVIHAEGTSGQTDTLAASTWSPYDDTFTAWQTGEEWVACGIMSLHRGIQIKESGRKNVEDYWM,-4,LHHHHHHHHHHHLEEEEEEEELLLLLLLLEEEEEEEELLLLLEEEEEEEEELLLLLEEEEEEEELLLEEEEEEELLLLLEEEELLLLLLLLLLL,HEEEEEE,0.46808510638297873,0.11702127659574468,0.4148936170212766
10,pd1_r1_13_r2_0,1.6841851428111199,2.3010410213345796,2.692985387743006,0.058529019355773926,0.8665076564863785,,13.341300744875559,93,MDTPVEKFELHGMPVEVNTTAPVGEYWAHIVIHKEHTSGQTDTLAAGTAGRPMEHTQNDWESIEKYKGDMVSCGLVSLGDGIQIKEGWRQLVY,-7,LLLLEEEEEEHHEEEEEELLLLLLLLLEEEEEEEELLLLLEEEEEEEEELELLLLLHHHHHHHHHHLLLLEEEEEEELLLLLEEEELLLELLL,EHEEEEHEEE,0.45161290322580644,0.12903225806451613,0.41935483870967744
11,pd1_r1_13_r2_1,1.68514918187742,2.316888519274719,2.6745960303515295,0.06396299600601196,0.8858513554284183,,13.459688214453351,93,QVYETVPYWIEGIPVQFNVARDMGMLRQHVVVHREHSSGQTDTLAAGYAGNPLPETKAQWESFIKKKGGAVYCGLYSLGQGIQIKESHRQPHG,1,LLEEEEEEEELLEEEEEEEELLLLLLLLEEEEEEELLLLLEEEEEEEELLELLLLLHHHHHHHHHLLLLEEEEEEEELLLLLEEEELLLELLL,EEEEEHEEE,0.4838709677419355,0.0967741935483871,0.41935483870967744
12,pd1_r1_13_r2_2,1.6907934424229876,2.2801543997872225,2.7458346191740923,0.046391308307647705,0.7999454379049891,,13.349725624893372,93,MDFCTMTWWICGQPETTNITGNCGQGLAHVVFHKEHNSGQTDTLAAGTWSNPQSWEWDAWESIQKTDGHHVMCGLVSLIGGIQIKESTRVATP,-5,LLEEEEEEELLLLEEEEEEELLLLLLLEEEEEEEELLLLLEEEEEEEEELLLLLLLLLHHHHHHHLLLLEEEEEEEELLLLLEEEELLLLLLL,EEEEHEE,0.46236559139784944,0.07526881720430108,0.46236559139784944
13,pd1_r1_13_r2_3,1.7090969263409193,2.3272748304726596,2.7229202611607244,0.07709568738937378,0.8237485568473462,,13.720426420585198,93,MQKRWMTYWIFGQNFTVNVTAKHNIAWMHVVIHGEHPSGQTDTLAALTIGSPFQPTMRWWDRIKKYKGSMVQCGLVSLGGGIQIKEWSRTMVK,7,LEEEEEEEEEHHEEEEEEEEELLLLLLEEEEEEEELLLLLEEEEEEEELLLLLLLLELLHHHHHHLLLLEEEEEEEEEELEEEEEELLLELLL,EHEEEEHEEE,0.5591397849462365,0.08602150537634409,0.3548387096774194
14,pd1_r1_13_r2_4,1.7302042361752918,2.372897340605942,2.7861984583206296,0.0315169095993042,0.8433283733398357,,12.712502587747139,93,NMSCNSTYVGCWNPDTQNVTAKSGFGYAHTVIHREHLSGQTDTLAAATAGNPEPVTPDAIDWIKKYKGYKVICGLNSLFAWIQIKESPRSDPS,0,LLELLHHHLLLEELLLLEELLLLLLLLLEEEEEEELLLLLEEEEEEEELLELLLLLHHHHHHHHHLLLLEEEEEEEELLLLLEEEELLLELLL,EHEEEEEHEEE,0.3655913978494624,0.12903225806451613,0.5053763440860215
15,pd1_r1_13_r2_5,1.691281809880305,2.3497910492762646,2.650355442471737,0.07369893789291382,0.9555919487295473,,13.379546545115861,93,MAVITMEYNIFGQPTTVNATANCPQGAAHWVVHREHNSGQTDTLAAGINGNLTPVTAESWSLVKKYLGQKIVCGLASLGIAIQIKESSRWGGR,2,LEEEEEEEEEHHEEEEEEEEELLLLLLEEEEEEEELLLLLEEEEEEEELLEELLLLHHHHHHHHHLLLLEEEEEEEELLLLLEEEELLLLLLL,EHEEEEHEE,0.5161290322580645,0.11827956989247312,0.3655913978494624
16,pd1_r1_13_r2_6,1.703559835737718,2.3628797398190318,2.683926476378497,0.063873291015625,0.8466721548419195,,13.530219064613071,93,MGNCEMTVWVCGTPVTTNVTEQGGCGGAHAVFHREDMSGQTDTLAAGRHGNIQPVTEDDWNRIKKYGPNNFQCGLYSLGGPIQIKESKRQYPR,0,LLLEEEEEEELLEEEEEEELELLELLLLEEEEEEELLLLLEEEEEEELLLLLLLLLHHHHHHHHHHLLLLEEEEEEELLLLLEEEELLLELLL,EEEEEEHEEE,0.45161290322580644,0.10752688172043011,0.44086021505376344
17,pd1_r1_13_r2_7,1.7039022162278417,2.4310854652642133,2.618830538296784,0.061790645122528076,0.9010486990513703,,13.463786667649545,93,MAKSTMTIFNHGQPRTVDVMANTPKGWAHVVMHLESHSGQTDTLAAGTAGNPEPVTQDQWQSIKKYKGQYLWCGIRSLGGFIQIKESSRFWMK,4,LLLEEEEEEELLEEEEEEELLLLLLLLLEEEEEEELLLLLEEEEEEEELLELLLLLHHHHHHHHHHLLLEEEEEEEELLLLLEEEELLLEELL,EEEEEHEEE,0.4731182795698925,0.10752688172043011,0.41935483870967744
18,pd1_r1_13_r2_8,1.6971351961472156,2.3647533598281307,2.658954703589102,0.06769752502441406,0.8905346437776902,,13.498987918116827,93,MRNMVTTAWICGDPVVINVTANPLAGWAHVVWHMEHNSGQTDTLAAGTAGNPQTVSQDTWDAITKYNGQYFKCGLISLGPFIQIKESSRMHLP,-1,LEEEEEEEEELLEEEEEEEEELHHHLLEEEEEEEELLLLLEEEEEEEELLLLLLLLHHHHHHHHHHLLLEEEEEEEEELLLEEEEELLLELLL,EEHEEHEEE,0.5268817204301075,0.13978494623655913,0.3333333333333333
19,pd1_r1_13_r2_9,1.7018643010879084,2.3543931545253427,2.687585141881083,0.0636146068572998,0.9710760949505979,,13.366318637454087,93,MVKANMTYMEYGQPRTVPVTAENGCMAAHVVFHLEQPSGQTDTLAAGTIGNQQPATADTWESIKNAKGKWVQCGIESLYGAIQIKEHTRMILP,-1,LEEEEEEEEELLEEEEEEEEELLLLLLEEEEEEEELLLLLEEEEEEEEELLLLLLLHHHHHHHHHHLLLEEEEEEEELLLLLEEEEEEEEELL,EEEEHEE,0.5591397849462365,0.10752688172043011,0.3333333333333333
